form,title,date,url
8-K,Current Report,2021-04-08,https://sec.report/Document/0001069183-21-000005/
8-K,Current Report,2021-02-25,https://sec.report/Document/0001558370-21-001811/
8-K,Current Report,2021-02-03,https://sec.report/Document/0001069183-21-000003/
8-K,Current Report,2020-11-05,https://sec.report/Document/0001069183-20-000073/
8-K,Current Report,2020-09-10,https://sec.report/Document/0001069183-20-000069/
8-K,Current Report,2020-08-06,https://sec.report/Document/0001069183-20-000064/
8-K,Current Report,2020-06-18,https://sec.report/Document/0001069183-20-000060/
8-K,Current Report,2020-06-12,https://sec.report/Document/0001069183-20-000056/
8-K,Current Report,2020-06-03,https://sec.report/Document/0001558370-20-007233/
8-K,Current Report,2020-05-07,https://sec.report/Document/0001558370-20-005726/
8-K,Current Report,2020-02-27,https://sec.report/Document/0001069183-20-000015/
8-K,Current Report,2020-01-16,https://sec.report/Document/0001069183-20-000006/
8-K,Current Report,2020-01-03,https://sec.report/Document/0001069183-20-000003/
8-K,Current Report,2019-11-07,https://sec.report/Document/0001069183-19-000144/
8-K,Current Report,2019-10-28,https://sec.report/Document/0001069183-19-000138/
8-K,Current Report,2019-10-15,https://sec.report/Document/0001069183-19-000135/
8-K,Current Report,2019-08-28,https://sec.report/Document/0001069183-19-000116/
8-K,Current Report,2019-08-08,https://sec.report/Document/0001069183-19-000101/
8-K,Current Report,2019-06-14,https://sec.report/Document/0001069183-19-000097/
8-K,Current Report,2019-06-04,https://sec.report/Document/0001069183-19-000093/
8-K,Current Report,2019-05-09,https://sec.report/Document/0001069183-19-000064/
8-K,Current Report,2019-02-26,https://sec.report/Document/0001069183-19-000019/
8-K,Current Report,2019-02-15,https://sec.report/Document/0001069183-19-000017/
8-K,Current Report,2019-01-07,https://sec.report/Document/0001069183-19-000010/
8-K,Current Report,2018-12-21,https://sec.report/Document/0001069183-18-000138/
8-K,Current Report,2018-12-19,https://sec.report/Document/0001069183-18-000134/
8-K,Current Report,2018-12-17,https://sec.report/Document/0001069183-18-000123/
8-K,Current Report,2018-11-06,https://sec.report/Document/0001069183-18-000112/
8-K,Current Report,2018-10-05,https://sec.report/Document/0001069183-18-000107/
8-K,Current Report,2018-09-19,https://sec.report/Document/0001069183-18-000098/
8-K,Current Report,2018-08-22,https://sec.report/Document/0001069183-18-000092/
8-K,Current Report,2018-08-07,https://sec.report/Document/0001069183-18-000084/
8-K,Current Report,2018-06-21,https://sec.report/Document/0001069183-18-000078/
8-K,Current Report,2018-05-24,https://sec.report/Document/0001069183-18-000055/
8-K,Current Report,2018-05-18,https://sec.report/Document/0001628280-18-006945/
8-K,Current Report,2018-05-08,https://sec.report/Document/0001069183-18-000038/
8-K,Current Report,2018-04-06,https://sec.report/Document/0001069183-18-000032/
8-K,Current Report,2018-02-27,https://sec.report/Document/0001069183-18-000008/
8-K,Current Report,2018-02-27,https://sec.report/Document/0001069183-18-000007/
8-K,Current Report,2017-12-04,https://sec.report/Document/0001069183-17-000139/
8-K,Current Report,2017-11-09,https://sec.report/Document/0001069183-17-000137/
8-K,Current Report,2017-11-07,https://sec.report/Document/0001069183-17-000131/
8-K,Current Report,2017-10-25,https://sec.report/Document/0001069183-17-000127/
8-K,Current Report,2017-10-19,https://sec.report/Document/0001069183-17-000122/
8-K,Current Report,2017-08-08,https://sec.report/Document/0001069183-17-000115/
8-K,Current Report,2017-07-24,https://sec.report/Document/0001069183-17-000102/
8-K,Current Report,2017-05-26,https://sec.report/Document/0001069183-17-000099/
8-K,Current Report,2017-05-09,https://sec.report/Document/0001069183-17-000077/
8-K,Current Report,2017-04-05,https://sec.report/Document/0001069183-17-000064/
8-K,Current Report,2017-03-23,https://sec.report/Document/0001069183-17-000059/
8-K,Current Report,2017-03-01,https://sec.report/Document/0001069183-17-000025/
8-K,Current Report,2017-02-28,https://sec.report/Document/0001069183-17-000020/
8-K,Current Report,2017-02-09,https://sec.report/Document/0001069183-17-000003/
8-K,Current Report,2016-11-09,https://sec.report/Document/0001069183-16-000233/
8-K,Current Report,2016-10-12,https://sec.report/Document/0001069183-16-000218/
8-K,Current Report,2016-08-04,https://sec.report/Document/0001069183-16-000208/
8-K,Current Report,2016-05-27,https://sec.report/Document/0001069183-16-000187/
8-K,Current Report,2016-05-04,https://sec.report/Document/0001069183-16-000173/
8-K,Current Report,2016-02-29,https://sec.report/Document/0001069183-16-000135/
8-K,Current Report,2016-01-22,https://sec.report/Document/0001069183-16-000128/
8-K,Current Report,2015-11-02,https://sec.report/Document/0001069183-15-000117/
8-K,Current Report,2015-07-29,https://sec.report/Document/0001069183-15-000096/
8-K,Current Report,2015-07-17,https://sec.report/Document/0001069183-15-000091/
8-K,Current Report,2015-05-20,https://sec.report/Document/0001069183-15-000074/
8-K,Current Report,2015-05-05,https://sec.report/Document/0001069183-15-000048/
8-K,Current Report,2015-04-30,https://sec.report/Document/0001069183-15-000046/
8-K,Current Report,2015-02-26,https://sec.report/Document/0001069183-15-000020/
8-K,Current Report,2014-12-08,https://sec.report/Document/0001069183-14-000010/
8-K,Current Report,2014-10-30,https://sec.report/Document/0001193125-14-388322/
8-K,Current Report,2014-09-16,https://sec.report/Document/0001299933-14-001435/
8-K,Current Report,2014-08-27,https://sec.report/Document/0001299933-14-001325/
8-K,Current Report,2014-07-30,https://sec.report/Document/0001193125-14-285698/
8-K,Current Report,2014-06-10,https://sec.report/Document/0001193125-14-231140/
8-K,Current Report,2014-06-10,https://sec.report/Document/0001193125-14-231135/
8-K,Current Report,2014-05-16,https://sec.report/Document/0001193125-14-202818/
8-K,Current Report,2014-05-12,https://sec.report/Document/0001193125-14-193597/
8-K,Current Report,2014-05-07,https://sec.report/Document/0001193125-14-188039/
8-K,Current Report,2014-04-30,https://sec.report/Document/0001193125-14-168991/
8-K,Current Report,2014-03-07,https://sec.report/Document/0001193125-14-087728/
8-K,Current Report,2014-03-03,https://sec.report/Document/0001193125-14-079948/
8-K,Current Report,2014-02-26,https://sec.report/Document/0001193125-14-068392/
8-K,Current Report,2013-11-27,https://sec.report/Document/0001193125-13-456977/
8-K,Current Report,2013-10-30,https://sec.report/Document/0001193125-13-417015/
8-K,Current Report,2013-10-10,https://sec.report/Document/0001193125-13-395999/
8-K,Current Report,2013-07-31,https://sec.report/Document/0001193125-13-311447/
8-K,Current Report,2013-07-12,https://sec.report/Document/0001193125-13-289557/
8-K,Current Report,2013-07-11,https://sec.report/Document/0001193125-13-287674/
8-K,Current Report,2013-05-24,https://sec.report/Document/0001193125-13-235667/
8-K,Current Report,2013-04-25,https://sec.report/Document/0001193125-13-172072/
8-K,Current Report,2013-04-15,https://sec.report/Document/0001193125-13-153961/
8-K,Current Report,2013-02-26,https://sec.report/Document/0001193125-13-075159/
8-K,Current Report,2013-02-20,https://sec.report/Document/0001193125-13-067877/
8-K,Current Report,2012-10-26,https://sec.report/Document/0001193125-12-436545/
8-K,Current Report,2012-07-26,https://sec.report/Document/0001193125-12-315596/
8-K,Current Report,2012-06-01,https://sec.report/Document/0001193125-12-257515/
8-K,Current Report,2012-04-26,https://sec.report/Document/0001193125-12-183840/
8-K,Current Report,2012-02-23,https://sec.report/Document/0001193125-12-074199/
8-K,Current Report,2012-02-13,https://sec.report/Document/0001299933-12-000359/
8-K,Current Report,2011-11-16,https://sec.report/Document/0001299933-11-003361/
8-K,Current Report,2011-10-31,https://sec.report/Document/0000950123-11-093265/
8-K,Current Report,2011-08-17,https://sec.report/Document/0001299933-11-002553/
8-K,Current Report,2011-07-28,https://sec.report/Document/0000950123-11-069217/
8-K,Current Report,2011-06-03,https://sec.report/Document/0000950123-11-056566/
8-K,Current Report,2011-04-21,https://sec.report/Document/0000950123-11-037531/
8-K,Current Report,2011-03-16,https://sec.report/Document/0001299933-11-000850/
8-K,Current Report,2011-03-03,https://sec.report/Document/0001299933-11-000713/
8-K,Current Report,2011-02-23,https://sec.report/Document/0000950123-11-016800/
8-K,Current Report,2010-10-27,https://sec.report/Document/0000950123-10-096372/
8-K,Current Report,2010-07-27,https://sec.report/Document/0000950123-10-068332/
8-K,Current Report,2010-06-24,https://sec.report/Document/0001299933-10-002475/
8-K,Current Report,2010-06-01,https://sec.report/Document/0000950123-10-054724/
8-K,Current Report,2010-04-23,https://sec.report/Document/0001299933-10-001595/
8-K,Current Report,2010-04-23,https://sec.report/Document/0000950123-10-037398/
8-K,Current Report,2010-04-12,https://sec.report/Document/0001299933-10-001439/
8-K,Current Report,2010-02-19,https://sec.report/Document/0000950123-10-014362/
8-K,Current Report,2010-02-18,https://sec.report/Document/0001299933-10-000691/
8-K,Current Report,2009-10-22,https://sec.report/Document/0000950123-09-052112/
8-K,Current Report,2009-07-29,https://sec.report/Document/0000950123-09-026668/
8-K,Current Report,2009-05-21,https://sec.report/Document/0000950153-09-000401/
8-K,Current Report,2009-04-23,https://sec.report/Document/0000950134-09-008195/
8-K,Current Report,2009-04-15,https://sec.report/Document/0000950153-09-000284/
8-K,Current Report,2009-02-24,https://sec.report/Document/0000950134-09-003557/
8-K,Current Report,2008-10-28,https://sec.report/Document/0000950134-08-018564/
8-K,Current Report,2008-07-24,https://sec.report/Document/0000950134-08-013217/
8-K,Current Report,2008-04-24,https://sec.report/Document/0000950134-08-007264/
8-K,Current Report,2008-02-14,https://sec.report/Document/0000950153-08-000312/
8-K,Current Report,2007-10-24,https://sec.report/Document/0000950124-07-005269/
8-K,Current Report,2007-07-23,https://sec.report/Document/0000950153-07-001533/
8-K,Current Report,2007-05-24,https://sec.report/Document/0000950153-07-001219/
8-K,Current Report,2007-04-25,https://sec.report/Document/0000950134-07-008962/
8-K,Current Report,2007-04-05,https://sec.report/Document/0000950153-07-000723/
8-K,Current Report,2007-03-13,https://sec.report/Document/0000950153-07-000551/
8-K,Current Report,2007-02-21,https://sec.report/Document/0000950124-07-000977/
8-K,Current Report,2006-12-20,https://sec.report/Document/0000950153-06-003039/
8-K,Current Report,2006-11-06,https://sec.report/Document/0000950153-06-002716/
8-K,Current Report,2006-10-25,https://sec.report/Document/0000950124-06-006099/
8-K,Current Report,2006-08-30,https://sec.report/Document/0000950124-06-004910/
8-K,Current Report,2006-07-26,https://sec.report/Document/0000950124-06-003952/
8-K,Current Report,2006-07-05,https://sec.report/Document/0000950153-06-001766/
8-K,Current Report,2006-06-29,https://sec.report/Document/0000950153-06-001733/
8-K,Current Report,2006-05-19,https://sec.report/Document/0000950153-06-001463/
8-K,Current Report,2006-05-16,https://sec.report/Document/0000950153-06-001430/
8-K,Current Report,2006-04-26,https://sec.report/Document/0000950124-06-002226/
8-K,Current Report,2006-02-22,https://sec.report/Document/0000950153-06-000471/
8-K,Current Report,2005-11-25,https://sec.report/Document/0000950124-05-006618/
8-K,Current Report,2005-11-15,https://sec.report/Document/0000950153-05-002938/
8-K,Current Report,2005-10-26,https://sec.report/Document/0000950124-05-005932/
8-K,Current Report,2005-09-15,https://sec.report/Document/0000950153-05-002380/
8-K,Current Report,2005-07-20,https://sec.report/Document/0000950153-05-001660/
8-K,Current Report,2005-05-24,https://sec.report/Document/0000950153-05-001234/
8-K,Current Report,2005-04-20,https://sec.report/Document/0000950153-05-000831/
8-K,Current Report,2005-04-19,https://sec.report/Document/0000950124-05-002496/
8-K,Current Report,2005-04-01,https://sec.report/Document/0000950153-05-000699/
8-K,Current Report,2005-03-21,https://sec.report/Document/0000950124-05-001728/
8-K,Current Report,2005-02-08,https://sec.report/Document/0000950124-05-000605/
8-K,Current Report,2005-01-10,https://sec.report/Document/0000950153-05-000024/
8-K,Current Report,2004-11-08,https://sec.report/Document/0000950124-04-005411/
8-K,Current Report,2004-10-19,https://sec.report/Document/0000950124-04-004895/
8-K,Current Report,2004-07-20,https://sec.report/Document/0000950124-04-003260/
8-K,Current Report,2004-06-24,https://sec.report/Document/0000950153-04-001516/
8-K,Current Report,2004-04-20,https://sec.report/Document/0000950124-04-001687/
8-K,Current Report,2004-04-16,https://sec.report/Document/0000950153-04-000876/
8-K,Current Report,2004-02-06,https://sec.report/Document/0000950153-04-000279/
8-K,Current Report,2004-02-02,https://sec.report/Document/0000950153-04-000228/
8-K,Current Report,2004-01-23,https://sec.report/Document/0000950153-04-000145/
8-K,Current Report,2003-10-20,https://sec.report/Document/0000950153-03-002019/
8-K,Current Report,2003-07-21,https://sec.report/Document/0000950153-03-001336/
8-K,Current Report,2003-06-30,https://sec.report/Document/0000950153-03-001234/
8-K,Current Report,2003-04-21,https://sec.report/Document/0000950153-03-000758/
8-K,Current Report,2002-06-07,https://sec.report/Document/0000950153-02-001092/
